seqNum	sequence	RNAPDB072_DMS_T30C_5Mg.map	mean	stdev	sem	mad	used_values	desc
1	G	-999.0	-999.0	0	0.0	0.0	1	undetermined
2	C	-999.0	-999.0	0			1	undetermined
3	G	-999.0	-999.0	0	0.0	0.0	1	undetermined
4	C	-999.0	-999.0	0			1	undetermined
5	G	-999.0	-999.0	0	0.0	0.0	1	undetermined
6	G	-999.0	-999.0	0	0.0	0.0	1	undetermined
7	A	-999.0	-999.0	0			1	undetermined
8	U	-999.0	-999.0	0	0.0	0.0	1	undetermined
9	A	-999.0	-999.0	0			1	undetermined
10	G	-999.0	-999.0	0	0.0	0.0	1	undetermined
11	C	-999.0	-999.0	0			1	undetermined
12	U	-999.0	-999.0	0	0.0	0.0	1	undetermined
13	C	-999.0	-999.0	0			1	undetermined
14	A	-999.0	-999.0	0			1	undetermined
15	G	-999.0	-999.0	0	0.0	0.0	1	undetermined
16	U	-999.0	-999.0	0	0.0	0.0	1	undetermined
17	C	0.0619	0.0619	0			1	accepted
18	G	-999.0	-999.0	0	0.0	0.0	1	undetermined
19	G	-999.0	-999.0	0	0.0	0.0	1	undetermined
20	U	-999.0	-999.0	0	0.0	0.0	1	undetermined
21	A	0.7707	0.7707	0			1	accepted
22	G	-999.0	-999.0	0	0.0	0.0	1	undetermined
23	A	0.2204	0.2204	0			1	accepted
24	G	-999.0	-999.0	0	0.0	0.0	1	undetermined
25	C	-0.0026	-0.0026	0			1	accepted
26	A	1.5999	1.5999	0			1	accepted
27	G	-999.0	-999.0	0	0.0	0.0	1	undetermined
28	G	-999.0	-999.0	0	0.0	0.0	1	undetermined
29	G	-999.0	-999.0	0	0.0	0.0	1	undetermined
30	G	-999.0	-999.0	0	0.0	0.0	1	undetermined
31	A	-999.0	-999.0	0			1	undetermined
32	U	-999.0	-999.0	0	0.0	0.0	1	undetermined
33	U	-999.0	-999.0	0	0.0	0.0	1	undetermined
34	G	-999.0	-999.0	0	0.0	0.0	1	undetermined
35	A	-999.0	-999.0	0			1	undetermined
36	A	-999.0	-999.0	0			1	undetermined
37	A	-999.0	-999.0	0			1	undetermined
38	A	-999.0	-999.0	0			1	undetermined
39	U	-999.0	-999.0	0	0.0	0.0	1	undetermined
40	C	-0.0277	-0.0277	0			1	accepted
41	C	0.0211	0.0211	0			1	accepted
42	C	-0.0563	-0.0563	0			1	accepted
43	C	-0.017	-0.017	0			1	accepted
44	G	-999.0	-999.0	0	0.0	0.0	1	undetermined
45	U	-999.0	-999.0	0	0.0	0.0	1	undetermined
46	G	-999.0	-999.0	0	0.0	0.0	1	undetermined
47	U	-999.0	-999.0	0	0.0	0.0	1	undetermined
48	C	0.2203	0.2203	0			1	accepted
49	C	0.1445	0.1445	0			1	accepted
50	U	-999.0	-999.0	0	0.0	0.0	1	undetermined
51	U	-999.0	-999.0	0	0.0	0.0	1	undetermined
52	G	-999.0	-999.0	0	0.0	0.0	1	undetermined
53	G	-999.0	-999.0	0	0.0	0.0	1	undetermined
54	U	-999.0	-999.0	0	0.0	0.0	1	undetermined
55	U	-999.0	-999.0	0	0.0	0.0	1	undetermined
56	C	-999.0	-999.0	0			1	undetermined
57	G	-999.0	-999.0	0	0.0	0.0	1	undetermined
58	A	-999.0	-999.0	0			1	undetermined
59	U	-999.0	-999.0	0	0.0	0.0	1	undetermined
60	U	-999.0	-999.0	0	0.0	0.0	1	undetermined
61	C	-999.0	-999.0	0			1	undetermined
62	C	-999.0	-999.0	0			1	undetermined
63	G	-999.0	-999.0	0	0.0	0.0	1	undetermined
64	A	-999.0	-999.0	0			1	undetermined
65	G	-999.0	-999.0	0	0.0	0.0	1	undetermined
66	U	-999.0	-999.0	0	0.0	0.0	1	undetermined
67	C	-999.0	-999.0	0			1	undetermined
68	C	-999.0	-999.0	0			1	undetermined
69	G	-999.0	-999.0	0	0.0	0.0	1	undetermined
70	C	-999.0	-999.0	0			1	undetermined
71	G	-999.0	-999.0	0	0.0	0.0	1	undetermined
72	C	-999.0	-999.0	0			1	undetermined
73	A	-999.0	-999.0	0			1	undetermined
74	C	-999.0	-999.0	0			1	undetermined
75	C	-999.0	-999.0	0			1	undetermined
76	A	-999.0	-999.0	0			1	undetermined
