Spearman Correlation Matrice
	4KQY_DMS_T37C_Mg_7.normreact	4KQY_DMS_T37C_Mg_8.normreact	4KQY_DMS_T37C_Mg_9.normreact
4KQY_DMS_T37C_Mg_7.normreact	1.0000	0.8731	0.8491
4KQY_DMS_T37C_Mg_8.normreact	0.8731	1.0000	0.9352
4KQY_DMS_T37C_Mg_9.normreact	0.8491	0.9352	1.0000

Linear Regression
	slope	intercept	r_value	r_squared	p_value	std_err
4KQY_DMS_T37C_Mg_8.normreact=f(4KQY_DMS_T37C_Mg_7.normreact)	0.7262	-0.2121	0.7253	0.5260	0.0000	0.0648
4KQY_DMS_T37C_Mg_9.normreact=f(4KQY_DMS_T37C_Mg_7.normreact)	0.8135	-0.1506	0.8136	0.6619	0.0000	0.0547
4KQY_DMS_T37C_Mg_9.normreact=f(4KQY_DMS_T37C_Mg_8.normreact)	0.8238	-0.1579	0.8249	0.6804	0.0000	0.0531
