Spearman Correlation Matrice
	4KQY_1M7_T37C_Mg_1.normreact	4KQY_1M7_T37C_Mg_2.normreact	4KQY_1M7_T37C_Mg_3.normreact
4KQY_1M7_T37C_Mg_1.normreact	1.0000	0.8388	0.8221
4KQY_1M7_T37C_Mg_2.normreact	0.8388	1.0000	0.8575
4KQY_1M7_T37C_Mg_3.normreact	0.8221	0.8575	1.0000

Linear Regression
	slope	intercept	r_value	r_squared	p_value	std_err
4KQY_1M7_T37C_Mg_2.normreact=f(4KQY_1M7_T37C_Mg_1.normreact)	0.7394	-0.1909	0.7370	0.5431	0.0000	0.0638
4KQY_1M7_T37C_Mg_3.normreact=f(4KQY_1M7_T37C_Mg_1.normreact)	0.6516	-0.2830	0.6512	0.4241	0.0000	0.0714
4KQY_1M7_T37C_Mg_3.normreact=f(4KQY_1M7_T37C_Mg_2.normreact)	0.5631	-0.3672	0.5646	0.3188	0.0000	0.0774



According to the Pearson correlation
  Please check the input data for replicate(s) : 
4KQY_1M7_T37C_Mg_3

