Spearman Correlation Matrice
	4KQY_1M7_T37C_SAM_4.normreact	4KQY_1M7_T37C_SAM_5.normreact	4KQY_1M7_T37C_SAM_6.normreact
4KQY_1M7_T37C_SAM_4.normreact	1.0000	0.5935	0.5136
4KQY_1M7_T37C_SAM_5.normreact	0.5935	1.0000	0.7184
4KQY_1M7_T37C_SAM_6.normreact	0.5136	0.7184	1.0000

Linear Regression
	slope	intercept	r_value	r_squared	p_value	std_err
4KQY_1M7_T37C_SAM_5.normreact=f(4KQY_1M7_T37C_SAM_4.normreact)	0.6359	-0.2789	0.6346	0.4027	0.0000	0.0732
4KQY_1M7_T37C_SAM_6.normreact=f(4KQY_1M7_T37C_SAM_4.normreact)	0.6286	-0.2914	0.6271	0.3933	0.0000	0.0738
4KQY_1M7_T37C_SAM_6.normreact=f(4KQY_1M7_T37C_SAM_5.normreact)	0.8207	-0.1548	0.8205	0.6733	0.0000	0.0540



According to the Spearman correlation
  Please check the input data for replicate(s) : 
4KQY_1M7_T37C_SAM_4




According to the Pearson correlation
  Please check the input data for replicate(s) : 
4KQY_1M7_T37C_SAM_4

