Spearman Correlation Matrice
	4KQY_1M7_T37C_noSAM_1.normreact	4KQY_1M7_T37C_noSAM_2.normreact	4KQY_1M7_T37C_noSAM_3.normreact
4KQY_1M7_T37C_noSAM_1.normreact	1.0000	0.8101	0.7673
4KQY_1M7_T37C_noSAM_2.normreact	0.8101	1.0000	0.7139
4KQY_1M7_T37C_noSAM_3.normreact	0.7673	0.7139	1.0000

Linear Regression
	slope	intercept	r_value	r_squared	p_value	std_err
4KQY_1M7_T37C_noSAM_2.normreact=f(4KQY_1M7_T37C_noSAM_1.normreact)	0.7438	-0.1210	0.7715	0.5953	0.0000	0.0580
4KQY_1M7_T37C_noSAM_3.normreact=f(4KQY_1M7_T37C_noSAM_1.normreact)	0.5589	-0.3665	0.5592	0.3127	0.0000	0.0783
4KQY_1M7_T37C_noSAM_3.normreact=f(4KQY_1M7_T37C_noSAM_2.normreact)	0.5138	-0.4466	0.4956	0.2456	0.0000	0.0851



According to the Pearson correlation
  Please check the input data for replicate(s) : 
4KQY_1M7_T37C_noSAM_3

