id	rna_id	date	experimenter	probe	temperature	magnesium	ddNTP	rna_begin	rna_end	rt_begin_pos	rt_end_pos	replicate	probe_file	control_file	qushape_file	reference_qushape_file	map_file	discard
1	4KQY	2023-12-15	PH	DMS	37	Mg-SAM	ddA					10	4KQY_B10_DMS_T37_Mg-SAM_ddA_2023-12-15_PH.txt	4KQY_A10_DMSO-DMS_T37_Mg-SAM_ddA_2023-12-14_PH.txt				yes
2	4KQY	2024-01-05	PH	DMS	37	Mg-SAM	ddA					11	4KQY_B11_DMS_T37_Mg-SAM_ddA_2024-01-05_PH.txt	4KQY_A11_DMSO-DMS_T37_Mg-SAM_ddA_2024-01-05_PH.txt				yes
3	4KQY	2024-01-05	PH	DMS	37	Mg-SAM	ddA					12	4KQY_B12_DMS_T37_Mg-SAM_ddA_2024-01-05_PH.txt	4KQY_A12_DMSO-DMS_T37_Mg-SAM_ddA_2024-01-05_PH.txt				yes
4	4KQY	2023-10-06	PH	1M7	37	Mg	ddA					1	4KQY_B1_1M7_T37_Mg_ddA_2023-10-06_PH.C01_24010912SU.txt	4KQY_A1_DMSO-1M7_T37_Mg_ddA_2023-10-06_PH.B01_24010912SU.txt				
5	4KQY	2023-10-11	PH	1M7	37	Mg	ddA					2	4KQY_B2_1M7_T37_Mg_ddA_2023-10-11_PH.E01_24010912SU.txt	4KQY_A2_DMSO-1M7_T37_Mg_ddA_2023-10-11_PH.D01_24010912SU.txt				
6	4KQY	2023-11-17	PH	1M7	37	Mg	ddA					3	4KQY_B3_1M7_T37_Mg_ddA_2023-11-17_PH.G01_24010912SU.txt	4KQY_A3_DMSO-1M7_T37_Mg_ddA_2023-11-17_PH.F01_24010912SU.txt				
7	4KQY	2023-11-17	PH	1M7	37	Mg-SAM	ddA					4	4KQY_B4_1M7_T37_Mg-SAM_ddA_2023-11-17_PH.C02_24010912SU.txt	4KQY_A4_DMSO-1M7_T37_Mg-SAM_ddA_2023-11-17_PH.B02_24010912SU.txt				yes
8	4KQY	2023-12-14	PH	1M7	37	Mg-SAM	ddA					5	4KQY_B5_1M7_T37_Mg-SAM_ddA_2023-12-14_PH.E02_24010912SU.txt	4KQY_A5_DMSO-1M7_T37_Mg-SAM_ddA_2023-12-14_PH.D02_24010912SU.txt				yes
9	4KQY	2023-12-14	PH	1M7	37	Mg-SAM	ddA					6	4KQY_B6_1M7_T37_Mg-SAM_ddA_2023-12-14_PH.G02_24010912SU.txt	4KQY_A6_DMSO-1M7_T37_Mg-SAM_ddA_2023-12-14_PH.F02_24010912SU.txt				yes
10	4KQY	2023-12-14	PH	DMS	37	Mg	ddA					7	4KQY_B7_DMS_T37_Mg_ddA_2023-12-14_PH.txt	4KQY_A7_DMSO-DMS_T37_Mg_ddA_2023-12-14_PH.txt				
11	4KQY	2024-01-05	PH	DMS	37	Mg	ddA					8	4KQY_B8_DMS_T37_Mg_ddA_2024-01-05_PH.txt	4KQY_A8_DMSO-DMS_T37_Mg_ddA_2024-01-05_PH.txt				
12	4KQY	2024-01-05	PH	DMS	37	Mg	ddA					9	4KQY_B9_DMS_T37_Mg_ddA_2024-01-05_PH.txt	4KQY_A9_DMSO-DMS_T37_Mg_ddA_2024-01-05_PH.txt				
